country,countryid,year,regime,old,magnitude,districts,eneg,enep,enpres,newdem,proximity,uppertier
Albania,143,1992,0,No,1,100,1.1069289,2.1900001,0,Yes,0,28.57
Albania,143,1996,0,No,1,115,1.1069289,2.7850001,0,No,0,17.860001
Albania,143,1997,0,No,1,115,1.1069289,2.8699999,0,No,0,25.799999
Andorra,195,1993,0,No,2,7,,,0,Yes,0,50
Andorra,195,1997,0,No,2,7,,2.6199999,0,No,0,50
Antigua,144,1984,0,Yes,1,17,,1.9400001,0,Yes,0,0
Antigua,144,1989,0,Yes,1,17,,1.98,0,No,0,0
Antigua,144,1994,0,Yes,1,17,,2.0699999,0,Yes,0,0
Antigua,144,1999,0,Yes,1,17,,2.095,0,No,0,0
Argentina,66,1946,0,Yes,10.53,15,1.3421021,5.75,2.0899999,Yes,1,0
Argentina,66,1948,0,Yes,5.27,15,1.3421021,,2.0899999,No,0.2,0
Argentina,66,1951,0,Yes,10.53,15,1.3421021,1.97,1.96,No,1,0
Argentina,66,1954,0,Yes,4.5599999,17,1.3421021,1.9299999,1.96,No,0.2,0
Argentina,66,1958,0,Yes,8.1300001,23,1.3421021,2.885,2.6500001,Yes,1,0
Argentina,66,1960,0,Yes,4.1700001,23,1.3421021,5.4850001,2.6500001,No,0.2,0
Argentina,66,1963,0,Yes,8.3500004,23,1.3421021,5.98,3.9000001,Yes,1,0
Argentina,66,1965,0,Yes,4.1700001,23,1.3421021,5.1550002,3.9000001,No,0.33000001,0
Argentina,66,1973,0,Yes,10.13,24,1.3421021,3.1900001,2.6600001,Yes,1,0
Argentina,66,1983,0,Yes,10.58,24,1.3421021,2.6300001,2.3,Yes,1,0
Argentina,66,1985,0,Yes,5.29,24,1.3421021,4.2399998,2.3,No,0.33000001,0
Argentina,66,1987,0,Yes,5.52,23,1.3421021,3.1400001,2.3,No,0.33000001,0
Argentina,66,1989,0,Yes,5.29,24,1.3421021,3.3499999,2.9100001,No,1,0
Argentina,66,1991,0,Yes,5.29,24,1.3421021,3.5699999,2.9100001,No,0.33000001,0
Argentina,66,1993,0,Yes,5.29,24,1.3421021,3.3699999,2.9100001,No,0.33000001,0
Argentina,66,1995,0,Yes,5.4200001,24,1.3421021,3.5799999,2.75,No,1,0
Argentina,66,1997,0,Yes,5.29,24,1.3421021,3.6500001,2.75,No,0,0
Argentina,66,1999,0,Yes,5.4200001,24,1.3421021,3.2249999,2.5599999,No,1,0
Armenia,145,1995,0,No,1,150,1.1544681,4.2350001,1.39,Yes,0.60000002,21.049999
Armenia,145,1999,0,No,1,75,1.1544681,4.77,3.6400001,No,0.60000002,42.740002
Australia,129,1946,0,Yes,1,75,1.174404,2.74,0,No,0,0
Australia,129,1949,0,Yes,1,123,1.174404,2.6400001,0,No,0,0
Australia,129,1951,0,Yes,1,123,1.174404,2.49,0,No,0,0
Australia,129,1954,0,Yes,1,123,1.174404,2.46,0,No,0,0
Australia,129,1955,0,Yes,1,124,1.174404,2.7349999,0,No,0,0
Australia,129,1958,0,Yes,1,124,1.174404,2.97,0,No,0,0
Australia,129,1961,0,Yes,1,124,1.174404,2.8099999,0,No,0,0
Australia,129,1963,0,Yes,1,124,1.174404,2.79,0,No,0,0
Australia,129,1966,0,Yes,1,124,1.174404,2.98,0,No,0,0
Australia,129,1969,0,Yes,1,125,1.174404,2.8299999,0,No,0,0
Australia,129,1972,0,Yes,1,125,1.174404,2.77,0,No,0,0
Australia,129,1974,0,Yes,1,125,1.174404,2.6600001,0,No,0,0
Australia,129,1975,0,Yes,1,127,1.174404,2.7,0,No,0,0
Australia,129,1977,0,Yes,1,124,1.174404,3.115,0,No,0,0
Australia,129,1980,0,Yes,1,125,1.174404,2.8099999,0,No,0,0
Australia,129,1983,0,Yes,1,125,1.174404,2.6700001,0,No,0,0
Australia,129,1984,0,Yes,1,148,1.174404,2.79,0,No,0,0
Australia,129,1987,0,Yes,1,148,1.174404,3.02,0,No,0,0
Australia,129,1990,0,Yes,1,148,1.174404,3.3399999,0,No,0,0
Australia,129,1993,0,Yes,1,147,1.174404,2.8800001,0,No,0,0
Australia,129,1996,0,Yes,1,148,1.174404,3.21,0,No,0,0
Australia,129,1998,0,Yes,1,148,1.174404,3.46,0,No,0,0
Austria,101,1949,0,Yes,6.5999999,25,1.143682,2.78,0,No,0,12.73
Austria,101,1953,0,Yes,6.5999999,25,1.143682,2.76,2.9300001,No,0.33000001,14.55
Austria,101,1956,0,Yes,6.5999999,25,1.143682,2.48,2.9300001,No,0.67000002,10.91
Austria,101,1959,0,Yes,6.5999999,25,1.143682,2.48,2,No,0.33000001,12.12
Austria,101,1962,0,Yes,6.5999999,25,1.143682,2.47,2,No,0.67000002,10.3
Austria,101,1966,0,Yes,6.5999999,25,1.143682,2.3900001,2,No,0.67000002,8.4799995
Austria,101,1970,0,Yes,6.5999999,25,1.143682,2.29,2,No,0.67000002,8.4799995
Austria,101,1971,0,Yes,20.33,9,1.143682,2.28,1.99,No,1,8.7399998
Austria,101,1975,0,Yes,20.33,9,1.143682,2.27,2,No,0.67000002,6.5599999
Austria,101,1979,0,Yes,20.33,9,1.143682,2.28,2,No,0.67000002,7.6500001
Austria,101,1983,0,Yes,20.33,9,1.143682,2.4000001,1.5,No,0,10.38
Austria,101,1986,0,Yes,20.33,9,1.143682,2.72,2.27,No,1,11.48
Austria,101,1990,0,Yes,20.33,9,1.143682,3.1700001,2.27,No,0.33000001,13.66
Austria,101,1994,0,Yes,4.2600002,43,1.143682,3.8699999,2.99,No,0.33000001,50.27
Austria,101,1995,0,Yes,4.2600002,43,1.143682,3.5899999,2.99,No,0,46.990002
Austria,101,1999,0,Yes,4.2600002,43,1.143682,3.8199999,2.26,No,0.66000003,45.900002
"Bahamas, The",49,1977,0,Yes,1,38,,2.52,0,Yes,0,0
"Bahamas, The",49,1982,0,Yes,1,43,,2.03,0,No,0,0
"Bahamas, The",49,1987,0,Yes,1,49,,2.1099999,0,No,0,0
"Bahamas, The",49,1992,0,Yes,1,49,,1.99,0,No,0,0
"Bahamas, The",49,1997,0,Yes,1,40,,,0,No,0,0
Bangladesh,78,1991,0,No,1,300,1.287581,4.6500001,0,Yes,0,0
Bangladesh,78,1996,0,No,1,300,1.287581,3.48,0,No,0,0
Bangladesh,78,,0,No,1,300,1.287581,,0,No,0,0
Barbados,50,1966,0,Yes,2,12,,2.76,0,Yes,0,0
Barbados,50,1971,0,Yes,1,24,,1.96,0,No,0,0
Barbados,50,1976,0,Yes,1,24,,2.03,0,No,0,0
Barbados,50,1981,0,Yes,1,27,,2.02,0,No,0,0
Barbados,50,1986,0,Yes,1,27,,1.9299999,0,No,0,0
Barbados,50,1991,0,Yes,1,28,,2.29,0,No,0,0
Barbados,50,1994,0,Yes,1,28,,2.48,0,No,0,0
Barbados,50,1999,0,Yes,1,28,,1.84,0,No,0,0
Belgium,102,1946,0,Yes,6.73,30,2.309469,3.28,0,No,0,
Belgium,102,1949,0,Yes,7.0999999,30,2.309469,3.26,0,No,0,
Belgium,102,1950,0,Yes,7.0999999,30,2.309469,2.76,0,No,0,
Belgium,102,1954,0,Yes,7.0999999,30,2.309469,3.0799999,0,No,0,
Belgium,102,1958,0,Yes,7.0999999,30,2.309469,2.79,0,No,0,
Belgium,102,1961,0,Yes,7.0999999,30,2.309469,3.0799999,0,No,0,
Belgium,102,1965,0,Yes,7.0999999,30,2.309469,3.96,0,No,0,
Belgium,102,1968,0,Yes,7.0999999,30,2.309469,6.9200001,0,No,0,
Belgium,102,1971,0,Yes,7.0999999,30,2.309469,6.4200001,0,No,0,
Belgium,102,1974,0,Yes,7.0999999,30,2.309469,6.0999999,0,No,0,
Belgium,102,1977,0,Yes,7.0999999,30,2.309469,5.6999998,0,No,0,
Belgium,102,1978,0,Yes,7.0999999,30,2.309469,7.52,0,No,0,
Belgium,102,1981,0,Yes,7.0999999,30,2.309469,9,0,No,0,
Belgium,102,1985,0,Yes,7.0999999,30,2.309469,8.1400003,0,No,0,
Belgium,102,1987,0,Yes,7.0999999,30,2.309469,8.1199999,0,No,0,
Belgium,102,1991,0,Yes,7.0999999,30,2.309469,9.8100004,0,No,0,
Belgium,102,1995,0,Yes,7.5,20,2.309469,9.3500004,0,No,0,
Belgium,102,1999,0,Yes,7.5,20,2.309469,10.29,0,No,0,
Belize,51,1984,0,Yes,1,28,,2.0599999,0,Yes,0,0
Belize,51,1989,0,Yes,1,28,,2.0699999,0,No,0,0
Belize,51,1993,0,Yes,1,29,,2.03,0,No,0,0
Belize,51,1998,0,Yes,1,29,,1.98,0,No,0,0
Benin,3,1991,0,No,10.67,6,2.647449,9.6199999,4.29,Yes,1,0
Benin,3,1995,0,No,4.6700001,18,2.647449,14.125,4.29,No,0.60000002,0
Brazil,68,1947,0,Yes,13,22,2.2197559,3.5899999,2.3,No,0.2,0
Brazil,68,1950,0,Yes,12.16,25,2.2197559,7.1100001,2.6800001,No,1,0
Brazil,68,1954,0,Yes,13.04,25,2.2197559,8.6899996,2.6800001,No,0.60000002,0
Brazil,68,1958,0,Yes,13.04,25,2.2197559,9.8199997,2.97,No,0.2,0
Brazil,68,1962,0,Yes,15.56,25,2.2197559,11.17,2.6500001,No,0.2,0
Brazil,68,1982,0,Yes,19.16,25,2.2197559,2.6500001,0,Yes,0,0
Brazil,68,1986,0,Yes,18.73,26,2.2197559,3.5550001,0,No,0,0
Brazil,68,1990,0,Yes,18.629999,27,2.2197559,9.79,5.6900001,No,0.60000002,0
Brazil,68,1994,0,Yes,19,27,2.2197559,8.5299997,2.6500001,No,1,0
Brazil,68,1998,0,Yes,19,27,2.2197559,8.1400003,2.53,No,1,0
Bulgaria,103,1990,0,No,1,200,1.427521,2.75,0,Yes,0,50
Bulgaria,103,1991,0,No,7.7399998,31,1.427521,4.1849999,0,No,0,0
Bulgaria,103,1994,0,No,7.7399998,31,1.427521,3.845,3.1099999,No,0,0
Bulgaria,103,1997,0,No,7.7399998,31,1.427521,3.03,3.1600001,No,0.60000002,0
Canada,52,1949,0,Yes,1,262,2.4773331,2.835,0,No,0,0
Canada,52,1953,0,Yes,1,265,2.4773331,2.855,0,No,0,0
Canada,52,1957,0,Yes,1,265,2.4773331,2.99,0,No,0,0
Canada,52,1958,0,Yes,1,265,2.4773331,2.4400001,0,No,0,0
Canada,52,1962,0,Yes,1,265,2.4773331,3.23,0,No,0,0
Canada,52,1963,0,Yes,1,265,2.4773331,3.2,0,No,0,0
Canada,52,1965,0,Yes,1,265,2.4773331,3.3099999,0,No,0,0
Canada,52,1968,0,Yes,1,264,2.4773331,2.97,0,No,0,0
Canada,52,1972,0,Yes,1,264,2.4773331,3.25,0,No,0,0
Canada,52,1974,0,Yes,1,264,2.4773331,2.96,0,No,0,0
Canada,52,1979,0,Yes,1,282,2.4773331,3.0899999,0,No,0,0
Canada,52,1980,0,Yes,1,282,2.4773331,2.9300001,0,No,0,0
Canada,52,1984,0,Yes,1,282,2.4773331,2.75,0,No,0,0
Canada,52,1988,0,Yes,1,295,2.4773331,3.04,0,No,0,0
Canada,52,1993,0,Yes,1,295,2.4773331,3.9300001,0,No,0,0
Canada,52,1997,0,Yes,1,301,2.4773331,4.085,0,No,0,0
Canada,52,2000,0,Yes,1,301,2.4773331,3.77,0,No,0,0
Cape Verde,8,1991,0,No,3.1600001,25,,1.8099999,1.64,Yes,1,0
Cape Verde,8,1995,0,No,3.79,19,,2.1300001,1.64,No,0.60000002,0
Central African Republic,9,1993,0,No,1,85,4.77669,,4.1199999,Yes,1,0
Central African Republic,9,1998,0,No,1,109,4.77669,4.25,4.1199999,No,0.67000002,0
Chile,69,1949,0,Yes,5.25,28,1.988071,7.0500002,1.97,No,0,0
Chile,69,1953,0,Yes,5.25,28,1.988071,11.88,2.95,No,0.67000002,0
Chile,69,1957,0,Yes,5.25,28,1.988071,8.6199999,2.95,No,0.67000002,0
Chile,69,1961,0,Yes,5.25,28,1.988071,6.4400001,3.97,No,0,0
Chile,69,1965,0,Yes,5.25,28,1.988071,4.0599999,2.1400001,No,0.67000002,0
Chile,69,1969,0,Yes,5.3600001,28,1.988071,4.9200001,2.1400001,No,0.67000002,0
Chile,69,1973,1,Yes,5.2399998,29,1.988071,5.3000002,2.96,No,0.67000002,0
Chile,69,1993,0,No,2,60,1.988071,6.5500002,2.47,Yes,1,0
Chile,69,1997,0,No,2,60,1.988071,6.9499998,2.47,No,0.33000001,0
Colombia,70,1947,0,Yes,,,2.9069769,2.01,2.9000001,No,0.33000001,0
Colombia,70,1949,1,Yes,,,2.9069769,2.01,,No,1,0
Colombia,70,1974,0,Yes,7.6500001,26,2.9069769,2.3699999,2.3499999,No,1,0
Colombia,70,1978,0,Yes,7.6500001,26,2.9069769,2.1700001,2.1600001,No,1,0
Colombia,70,1982,0,Yes,7.6500001,26,2.9069769,2.0799999,2.5,No,1,0
Colombia,70,1986,0,Yes,7.6500001,26,2.9069769,2.6849999,2.0999999,No,1,0
Colombia,70,1990,0,Yes,7.6500001,26,2.9069769,2.23,3.04,No,1,0
Colombia,70,1991,0,Yes,4.8800001,33,2.9069769,3.3299999,3.04,No,0.5,0
Colombia,70,1994,0,Yes,4.8800001,33,2.9069769,2.6700001,2.4100001,No,1,0
Comoros,11,1992,0,No,1,42,,17.370001,6.1199999,Yes,0.33000001,0
Comoros,11,1993,0,No,1,42,,,6.1199999,No,0,0
Congo,12,1992,0,No,1,125,8.1766129,,4.6500001,Yes,1,0
Congo,12,1993,0,No,1,125,8.1766129,,4.6500001,No,0.60000002,0
Costa Rica,53,1948,1,Yes,6.4299998,7,1.3116471,,1.98,Yes,1,0
Costa Rica,53,1953,0,Yes,6.4299998,7,1.3116471,2.1099999,1.84,Yes,1,0
Costa Rica,53,1958,0,Yes,6.4299998,7,1.3116471,3.5699999,2.4400001,No,1,0
Costa Rica,53,1962,0,Yes,8.1400003,7,1.3116471,2.71,2.52,No,1,0
Costa Rica,53,1966,0,Yes,8.1400003,7,1.3116471,2.3299999,1.9998,No,1,0
Costa Rica,53,1970,0,Yes,8.1400003,7,1.3116471,2.5599999,2.1300001,No,1,0
Costa Rica,53,1974,0,Yes,8.1400003,7,1.3116471,4.0100002,3.3,No,1,0
Costa Rica,53,1978,0,Yes,8.1400003,7,1.3116471,2.8800001,2.23,No,1,0
Costa Rica,53,1982,0,Yes,8.1400003,7,1.3116471,2.53,2.1700001,No,1,0
Costa Rica,53,1986,0,Yes,8.1400003,7,1.3116471,2.4849999,2.0699999,No,1,0
Costa Rica,53,1990,0,Yes,8.1400003,7,1.3116471,2.5599999,2.05,No,1,0
Costa Rica,53,1994,0,Yes,8.1400003,7,1.3116471,2.78,2.1099999,No,1,0
Costa Rica,53,1998,0,Yes,8.1400003,7,1.3116471,3.3699999,2.3800001,No,1,0
Croatia,153,1992,0,No,1,64,1.600397,4.2049999,2.6400001,Yes,1,55.07
Croatia,153,1995,0,No,1,28,1.600397,3.7850001,2.6400001,No,0.2,77.949997
Croatia,153,2000,0,No,14,10,1.600397,3.8900001,3.3499999,No,1,7.2800002
Cuba,154,1946,0,Yes,,,1.271294,,,No,0,
Cuba,154,1948,0,Yes,,,1.271294,,2.98,No,1,
Cuba,154,1950,0,Yes,,,1.271294,,2.98,No,0,
Cyprus,187,1960,0,Yes,5.8299999,6,1.560549,,1.83,Yes,0,0
Cyprus,187,1970,0,Yes,5.8299999,6,1.560549,3.5150001,1.08,No,0.73000002,0
Cyprus,187,1976,0,Yes,5.8299999,6,1.560549,1.84,1.08,No,0.07,0
Cyprus,187,1981,0,Yes,5.8299999,6,1.560549,3.895,1.08,No,0.73000002,0
Czech Republic,155,1996,0,No,25,8,1.474046,5.3299999,0,Yes,0,
Czech Republic,155,1998,0,No,25,8,1.474046,4.7199998,0,No,0,
Czechoslovakia,104,1990,0,No,12.5,12,2.0187459,5.9899998,0,Yes,0,8.6599998
Czechoslovakia,104,1992,0,No,12.5,12,2.0187459,10.99,0,No,0,14.67
Denmark,105,1947,0,Yes,5.0900002,23,1.146189,3.8,0,No,0,20.9
Denmark,105,1950,0,Yes,4.5700002,23,1.146189,4.0100002,0,No,0,29.5
Denmark,105,1953,0,Yes,5.8699999,23,1.146189,3.8199999,0,No,0,22.9
Denmark,105,1957,0,Yes,5.8699999,23,1.146189,3.9000001,0,No,0,22.9
Denmark,105,1960,0,Yes,5.8699999,23,1.146189,3.8099999,0,No,0,22.9
Denmark,105,1964,0,Yes,5.8699999,23,1.146189,3.75,0,No,0,22.9
Denmark,105,1966,0,Yes,5.8699999,23,1.146189,4.2199998,0,No,0,22.9
Denmark,105,1968,0,Yes,5.8699999,23,1.146189,4.5599999,0,No,0,22.9
Denmark,105,1971,0,Yes,7.9400001,17,1.146189,4.52,0,No,0,22.9
Denmark,105,1973,0,Yes,7.9400001,17,1.146189,7.1100001,0,No,0,22.9
Denmark,105,1975,0,Yes,7.9400001,17,1.146189,5.5999999,0,No,0,22.9
Denmark,105,1977,0,Yes,7.9400001,17,1.146189,5.23,0,No,0,22.9
Denmark,105,1979,0,Yes,7.9400001,17,1.146189,4.9899998,0,No,0,22.9
Denmark,105,1981,0,Yes,7.9400001,17,1.146189,5.7600002,0,No,0,22.9
Denmark,105,1984,0,Yes,7.9400001,17,1.146189,5.25,0,No,0,22.9
Denmark,105,1987,0,Yes,7.9400001,17,1.146189,5.8299999,0,No,0,22.9
Denmark,105,1988,0,Yes,7.9400001,17,1.146189,5.8299999,0,No,0,22.9
Denmark,105,1990,0,Yes,7.9400001,17,1.146189,4.8400002,0,No,0,22.9
Denmark,105,1994,0,Yes,7.9400001,17,1.146189,4.7600002,0,No,0,22.9
Denmark,105,1998,0,Yes,7.9400001,17,1.146189,4.7399998,0,No,0,22.9
Denmark,105,,0,Yes,4.5700002,23,1.146189,3.9200001,0,No,0,29.5
Dominica,157,1980,0,Yes,1,21,1.630789,2.96,0,Yes,0,0
Dominica,157,1985,0,Yes,1,21,1.630789,2.1099999,0,No,0,0
Dominica,157,1990,0,Yes,1,21,1.630789,2.6900001,0,No,0,0
Dominica,157,1995,0,Yes,1,21,1.630789,2.99,0,No,0,0
Dominica,157,2000,0,Yes,1,21,1.630789,2.55,0,No,0,0
Dominican Republic,54,1978,0,Yes,3.3699999,27,,2.24,2.7,No,1,0
Dominican Republic,54,1982,0,Yes,4.4400001,27,,2.76,2.71,No,1,0
Dominican Republic,54,1990,0,Yes,4,30,,3.23,3.3800001,No,1,0
Dominican Republic,54,1994,0,Yes,4,30,,2.71,2.71,No,1,0
Dominican Republic,54,1998,0,Yes,5,30,,2.74,2.5999999,No,0,0
Ecuador,71,1956,0,Yes,,,2.898551,,3.8800001,No,1,0
Ecuador,71,1958,0,Yes,,,2.898551,5.8000002,3.8800001,No,0,0
Ecuador,71,1960,0,Yes,,,2.898551,,2.9300001,No,1,0
Ecuador,71,1962,0,Yes,,,2.898551,5.6399999,2.9300001,No,0,0
Ecuador,71,1979,0,Yes,2.8499999,20,2.898551,6.4000001,4.7600002,Yes,1,17.389999
Ecuador,71,1984,0,Yes,2.95,20,2.898551,10.32,5.1700001,No,1,16.9
Ecuador,71,1986,0,Yes,2.95,20,2.898551,11.95,5.1700001,No,0,16.9
Ecuador,71,1988,0,Yes,2.95,20,2.898551,8.1400003,6.5700002,No,1,16.9
Ecuador,71,1990,0,Yes,2.8599999,21,2.898551,7.9000001,6.5700002,No,0,16.67
Ecuador,71,1992,0,Yes,3.0999999,21,2.898551,7.79,4.5,No,1,16.67
Ecuador,71,1994,0,Yes,3.0999999,21,2.898551,7.48,4.5,No,0,16.67
Ecuador,71,1996,0,Yes,3.3299999,21,2.898551,6.4299998,4.8200002,No,1,14.63
Ecuador,71,1998,0,Yes,5,21,2.898551,6.1799998,4.0999999,No,1,16
El Salvador,55,1985,0,Yes,4.29,14,1.246572,2.6800001,3.1600001,Yes,0.60000002,0
El Salvador,55,1988,0,Yes,4.29,14,1.246572,2.75,3.1600001,No,0.60000002,0
El Salvador,55,1991,0,Yes,4.5700002,14,1.246572,3.3399999,2.3499999,No,0.2,23.799999
El Salvador,55,1994,0,Yes,4.5700002,14,1.246572,3.48,3,No,1,23.799999
El Salvador,55,1997,0,Yes,4.5700002,14,1.246572,3.95,3,No,0.2,23.799999
El Salvador,55,2000,0,Yes,4.5700002,14,1.246572,3.6800001,2.74,No,0.60000002,23.799999
Estonia,159,1992,0,No,8.4200001,12,2.0451989,8.8649998,0,Yes,0,0
Estonia,159,1995,0,No,9.1800003,11,2.0451989,5.9299998,0,No,0,0
Estonia,159,1999,0,No,9.1800003,11,2.0451989,6.8800001,0,No,0,0
Finland,106,1948,0,Yes,13.3,15,1.15141,4.9000001,5.0599999,No,0,0
Finland,106,1951,0,Yes,13.3,15,1.15141,4.96,5.1300001,No,0.67000002,0
Finland,106,1954,0,Yes,13.3,15,1.15141,4.98,5.1300001,No,0.33000001,0
Finland,106,1958,0,Yes,13.3,15,1.15141,5.1900001,4.98,No,0.33000001,0
Finland,106,1962,0,Yes,13.3,15,1.15141,5.8600001,5.27,No,1,0
Finland,106,1966,0,Yes,13.3,15,1.15141,5.2199998,5.27,No,0.33000001,0
Finland,106,1970,0,Yes,13.3,15,1.15141,6.1700001,6.25,No,0.60000002,0
Finland,106,1972,0,Yes,13.3,15,1.15141,5.9499998,6.25,No,0.2,0
Finland,106,1975,0,Yes,13.3,15,1.15141,5.8899999,6.25,No,0.40000001,0
Finland,106,1979,0,Yes,13.3,15,1.15141,5.7399998,6.25,No,0.5,0
Finland,106,1983,0,Yes,13.3,15,1.15141,5.4499998,3.76,No,0.67000002,0
Finland,106,1987,0,Yes,13.3,15,1.15141,6.1500001,3.76,No,0.67000002,0
Finland,106,1991,0,Yes,13.3,15,1.15141,5.9099998,3.1900001,No,0,0
Finland,106,1995,0,Yes,13.3,15,1.15141,5.7800002,5.46,No,0.67000002,0
Finland,106,1999,0,Yes,13.3,15,1.15141,5.9299998,5.46,No,0.67000002,0
France,107,1946,0,Yes,5.3299999,102,1.3737659,4.6500001,0,Yes,0,0
France,107,1951,0,Yes,5.2800002,103,1.3737659,5.4000001,0,No,0,0
France,107,1956,0,Yes,5.2800002,103,1.3737659,6.0799999,0,No,0,0
France,107,1958,0,Yes,1,465,1.3737659,6.0799999,0,No,0,0
France,107,1962,0,Yes,1,465,1.3737659,4.9299998,0,No,0,0
France,107,1967,0,Yes,1,470,1.3737659,4.5500002,3.0599999,No,0,0
France,107,1968,0,Yes,1,470,1.3737659,4.3200002,3.0599999,No,0.5,0
France,107,1973,0,Yes,1,473,1.3737659,5.6799998,3.3,No,0.60000002,0
France,107,1978,0,Yes,1,474,1.3737659,5.0799999,3.1500001,No,0.14,0
France,107,1981,0,Yes,1,474,1.3737659,4.1399999,4.8600001,No,1,0
France,107,1986,0,Yes,5.79,96,1.3737659,4.6599998,4.8600001,No,0.43000001,0
France,107,1988,0,Yes,1,555,1.3737659,4.3800001,4.77,No,1,0
France,107,1993,0,Yes,1,577,1.3737659,6.71,4.77,No,0.43000001,0
France,107,1997,0,Yes,1,577,1.3737659,6.5500002,5.9499998,No,0.43000001,0
Germany,191,1990,0,Yes,1,328,1.1048779,3.75,0,No,0,50
Germany,191,1994,0,Yes,1,328,1.1048779,3.74,0,No,0,50
Germany,191,1998,0,Yes,1,328,1.1048779,3.79,0,No,0,50
Ghana,18,1979,0,Yes,1,140,6.495616,3.75,3.9200001,Yes,1,0
Greece,110,1946,0,Yes,9.3199997,38,1.062323,2.73,0,Yes,0,
Greece,110,1950,0,Yes,6.4099998,39,1.062323,7.9899998,0,No,0,
Greece,110,1951,0,Yes,6.29,41,1.062323,4.1500001,0,No,0,
Greece,110,1952,0,Yes,3.03,99,1.062323,2.7149999,0,No,0,0
Greece,110,1956,0,Yes,7.3200002,41,1.062323,2.1849999,0,No,0,0
Greece,110,1958,0,Yes,5.4499998,55,1.062323,3.52,0,No,0,
Greece,110,1961,0,Yes,5.4499998,55,1.062323,2.54,0,No,0,
Greece,110,1963,0,Yes,5.4499998,55,1.062323,2.8299999,0,No,0,
Greece,110,1964,0,Yes,5.4499998,55,1.062323,2.4000001,0,No,0,
Greece,110,1974,0,Yes,5.1399999,56,1.062323,2.75,0,Yes,0,41.299999
Greece,110,1977,0,Yes,5.1399999,56,1.062323,3.74,0,No,0,22.700001
Greece,110,1981,0,Yes,5.1399999,56,1.062323,2.6800001,0,No,0,22.700001
Greece,110,1985,0,Yes,5.1399999,56,1.062323,2.5899999,0,No,0,22.700001
Greece,110,1989,0,Yes,5.1399999,56,1.062323,2.5599999,0,No,0,22.700001
Greece,110,1990,0,Yes,5.1399999,56,1.062323,2.6300001,0,No,0,22.700001
Greece,110,1993,0,Yes,5.1399999,56,1.062323,2.6300001,0,No,0,22.700001
Greece,110,1996,0,Yes,5.1399999,56,1.062323,3.0650001,0,No,0,22.700001
Greece,110,2000,0,Yes,5.1399999,56,1.062323,2.6400001,0,No,0,22.700001
Greece,110,,0,Yes,5.1399999,56,1.062323,2.73,0,No,0,22.700001
Greek Cyprus,188,1985,0,Yes,9.3299999,6,,3.6199999,2.26,No,0.2,0
Greek Cyprus,188,1991,0,Yes,9.3299999,6,,3.6700001,3.51,No,0.2,0
Greek Cyprus,188,1996,0,Yes,9.3299999,6,,3.79,2.74,No,0.2,
Grenada,56,1976,0,Yes,1,15,,2.075,0,Yes,0,0
Grenada,56,1984,0,Yes,1,15,,2.1099999,0,Yes,0,0
Grenada,56,1990,0,Yes,1,15,,3.8499999,0,No,0,0
Grenada,56,1995,0,Yes,1,15,,3.6600001,0,No,0,0
Grenada,56,1999,0,Yes,1,15,,2.1500001,0,No,0,0
Guatemala,57,1950,0,Yes,3.0899999,22,1.971609,,2.1300001,No,1,0
Guatemala,57,1953,0,Yes,3.0899999,22,1.971609,,2.1300001,No,0.5,0
Guatemala,57,1958,0,Yes,3,22,1.971609,3.23,,Yes,0,0
Guatemala,57,1959,0,Yes,3,22,1.971609,5.29,,No,0,0
Guatemala,57,1961,0,Yes,3,22,1.971609,2.8900001,,No,0,0
Guatemala,57,1966,0,Yes,2.5,22,1.971609,2.8299999,2.8099999,Yes,1,0
Guatemala,57,1970,0,Yes,2.5,22,1.971609,2.8299999,2.8099999,No,1,0
Guatemala,57,1974,0,Yes,2.73,22,1.971609,,2.78,No,1,0
Guatemala,57,1978,0,Yes,2.77,22,1.971609,,2.9100001,No,1,0
Guatemala,57,1982,1,Yes,3,22,1.971609,,3.4200001,No,1,0
Guatemala,57,1994,0,Yes,2.78,23,1.971609,5.6999998,5.27,No,0.60000002,20
Guatemala,57,1995,0,Yes,2.78,23,1.971609,6.0349998,4.75,No,1,20
Guatemala,57,1999,0,Yes,3.96,23,1.971609,3.7650001,2.97,No,1,19.469999
Guyana,72,1992,0,No,53,1,2.628556,2.1500001,2.1500001,Yes,1,0
Guyana,72,1997,0,No,53,1,2.628556,2.1700001,2.1700001,No,1,0
Haiti,58,1995,0,No,1,83,1.104972,,1.29,No,1,0
Haiti,58,2000,0,No,1,83,1.104972,,1.1799999,No,1,0
Honduras,59,1997,0,Yes,7.1100001,18,1.22701,2.3800001,2.1700001,No,1,0
Hungary,111,1990,0,No,1,176,1.229142,7.4000001,0,Yes,0,54.400002
Hungary,111,1994,0,No,1,176,1.229142,5.9899998,0,No,0,54.400002
Hungary,111,1998,0,No,1,176,1.229142,6.6700001,0,No,0,54.400002
Iceland,112,1946,0,Yes,1.46,28,,3.5799999,1,No,0,21.15
Iceland,112,1949,0,Yes,1.46,28,,3.55,1,No,0,21.15
Iceland,112,1953,0,Yes,1.46,28,,4.1599998,2.25,No,0.5,21.15
Iceland,112,1956,0,Yes,1.46,28,,3.6199999,1,No,1,21.15
Iceland,112,1959,0,Yes,6.1300001,8,,3.6600001,1,No,0.5,18.299999
Iceland,112,1963,0,Yes,6.1300001,8,,3.3699999,1,No,0.5,18.299999
Iceland,112,1967,0,Yes,6.1300001,8,,3.77,1,No,0.5,18.299999
Iceland,112,1971,0,Yes,6.1300001,8,,4.0999999,1.8200001,No,0.5,18.299999
Iceland,112,1974,0,Yes,6.1300001,8,,3.47,1,No,0,18.299999
Iceland,112,1978,0,Yes,6.1300001,8,,4.2049999,1,No,0,18.299999
Iceland,112,1979,0,Yes,6.1300001,8,,3.895,1,No,0.5,18.299999
Iceland,112,1983,0,Yes,6.1300001,8,,4.2600002,3.5999999,No,0.5,18.299999
Iceland,112,1987,0,Yes,6.25,8,,5.77,1,No,0.5,20.6
Iceland,112,1991,0,Yes,6.25,8,,4.2199998,1.11,No,0.5,20.6
Iceland,112,1995,0,Yes,6.25,8,,4.29,1,No,0.5,20.6
Iceland,112,1999,0,Yes,6.25,8,,3.55,3.04,No,0.5,20.6
Iceland,112,,0,Yes,1.46,28,,3.4000001,1,No,0.5,21.15
India,80,1962,0,Yes,1,491,5.2906861,4.4000001,0,No,0,0
India,80,1967,0,Yes,1,515,5.2906861,5.1849999,0,No,0,0
India,80,1971,0,Yes,1,517,5.2906861,4.625,0,No,0,0
India,80,1977,0,Yes,1,540,5.2906861,3.4000001,0,No,0,0
India,80,1980,0,Yes,1,528,5.2906861,4.2449999,0,No,0,0
India,80,1984,0,Yes,1,541,5.2906861,3.98,0,No,0,0
India,80,1989,0,Yes,1,529,5.2906861,4.8000002,0,No,0,0
India,80,1991,0,Yes,1,534,5.2906861,5.1199999,0,No,0,0
India,80,1999,0,Yes,1,543,5.2906861,6.7399998,0,No,0,0
Indonesia,81,1999,0,No,17.110001,27,4.2695599,5.0500002,0,Yes,0,0
Ireland,113,1948,0,Yes,3.6800001,40,1.206273,4.0900002,2.6400001,No,0.14,0
Ireland,113,1951,0,Yes,3.6800001,40,1.206273,3.355,2.6400001,No,0.70999998,0
Ireland,113,1954,0,Yes,3.6800001,40,1.206273,3.24,1,No,0.43000001,0
Ireland,113,1957,0,Yes,3.6800001,40,1.206273,3.155,1,No,0.43000001,0
Ireland,113,1961,0,Yes,3.79,38,1.206273,3.2349999,1.97,No,0.43000001,0
Ireland,113,1965,0,Yes,3.79,38,1.206273,2.72,1.97,No,0.70999998,0
Ireland,113,1969,0,Yes,3.4000001,42,1.206273,2.8199999,2,No,0.14,0
Ireland,113,1973,0,Yes,3.4000001,42,1.206273,2.8099999,2,No,1,0
Ireland,113,1977,0,Yes,3.5,42,1.206273,2.855,1,No,0.70999998,0
Ireland,113,1981,0,Yes,4,41,1.206273,2.8599999,1,No,0.43000001,0
Ireland,113,1982,0,Yes,4,41,1.206273,2.72,1,No,0.70999998,0
Ireland,113,1987,0,Yes,4,41,1.206273,3.47,1,No,0.14,0
Ireland,113,1989,0,Yes,4,41,1.206273,3.375,1,No,0.70999998,0
Ireland,113,1992,0,Yes,4,41,1.206273,3.9400001,2.6700001,No,0.43000001,0
Ireland,113,1997,0,Yes,4,41,1.206273,4.0250001,3.1600001,No,1,0
Ireland,113,,0,Yes,4,41,1.206273,2.6900001,1,No,0.70999998,0
Israel,84,1949,0,Yes,120,1,2.1076281,5.4050002,0,Yes,0,0
Israel,84,1951,0,Yes,120,1,2.1076281,5.1300001,0,No,0,0
Israel,84,1955,0,Yes,120,1,2.1076281,6.355,0,No,0,0
Israel,84,1959,0,Yes,120,1,2.1076281,5.2049999,0,No,0,0
Israel,84,1961,0,Yes,120,1,2.1076281,5.5100002,0,No,0,0
Israel,84,1965,0,Yes,120,1,2.1076281,4.9299998,0,No,0,0
Israel,84,1969,0,Yes,120,1,2.1076281,3.6300001,0,No,0,0
Israel,84,1973,0,Yes,120,1,2.1076281,3.845,0,No,0,0
Israel,84,1977,0,Yes,120,1,2.1076281,5.0250001,0,No,0,0
Israel,84,1981,0,Yes,120,1,2.1076281,3.585,0,No,0,0
Israel,84,1984,0,Yes,120,1,2.1076281,4.3150001,0,No,0,0
Israel,84,1988,0,Yes,120,1,2.1076281,5.0250001,0,No,0,0
Israel,84,1992,0,Yes,120,1,2.1076281,4.9099998,0,No,0,0
Israel,84,1996,0,Yes,120,1,2.1076281,5.8499999,0,No,0,0
Israel,84,1999,0,Yes,120,1,2.1076281,10.115,0,No,0,0
Italy,114,1948,0,Yes,18.52,31,1.0412329,2.9400001,0,Yes,0,
Italy,114,1953,0,Yes,19.030001,31,1.0412329,4.1799998,0,No,0,
Italy,114,1958,0,Yes,18.629999,32,1.0412329,3.8699999,0,No,0,
Italy,114,1963,0,Yes,19.690001,32,1.0412329,4.1500001,0,No,0,
Italy,114,1968,0,Yes,19.690001,32,1.0412329,3.95,0,No,0,
Italy,114,1972,0,Yes,19.690001,32,1.0412329,4.0700002,0,No,0,10.5
Italy,114,1976,0,Yes,19.690001,32,1.0412329,3.3900001,0,No,0,9.5
Italy,114,1979,0,Yes,19.690001,32,1.0412329,3.9100001,0,No,0,12.1
Italy,114,1983,0,Yes,19.690001,32,1.0412329,4.5100002,0,No,0,11.9
Italy,114,1987,0,Yes,19.690001,32,1.0412329,4.6100001,0,No,0,14.4
Italy,114,1992,0,Yes,19.690001,32,1.0412329,6.6199999,0,No,0,19.799999
Italy,114,1994,0,Yes,1,475,1.0412329,7.5700002,0,No,0,24.6
Italy,114,1996,0,Yes,1,475,1.0412329,7.0599999,0,No,0,24.6
Jamaica,60,1962,0,Yes,1,45,1.1996191,2.0599999,0,Yes,0,0
Jamaica,60,1967,0,Yes,1,53,1.1996191,2.01,0,No,0,0
Jamaica,60,1972,0,Yes,1,53,1.1996191,1.97,0,No,0,0
Jamaica,60,1976,0,Yes,1,60,1.1996191,1.96,0,No,0,0
Jamaica,60,1980,0,Yes,1,60,1.1996191,1.9400001,0,No,0,0
Jamaica,60,1983,0,Yes,1,60,1.1996191,1.23,0,No,0,0
Jamaica,60,1989,0,Yes,1,60,1.1996191,1.97,0,No,0,0
Jamaica,60,1993,0,Yes,1,60,1.1996191,1.91,0,No,0,0
Jamaica,60,1997,0,Yes,1,60,1.1996191,2.1400001,0,No,0,0
Japan,85,1947,0,Yes,3.98,117,1.012109,4.6100001,0,Yes,0,0
Japan,85,1949,0,Yes,3.98,117,1.012109,3.9449999,0,No,0,0
Japan,85,1952,0,Yes,3.98,117,1.012109,3.4100001,0,No,0,0
Japan,85,1953,0,Yes,3.98,117,1.012109,4.3099999,0,No,0,0
Japan,85,1955,0,Yes,3.96,118,1.012109,4.0100002,0,No,0,0
Japan,85,1958,0,Yes,3.96,118,1.012109,2.1800001,0,No,0,0
Japan,85,1960,0,Yes,3.96,118,1.012109,2.3699999,0,No,0,0
Japan,85,1963,0,Yes,3.96,118,1.012109,2.4649999,0,No,0,0
Japan,85,1967,0,Yes,3.95,123,1.012109,3.01,0,No,0,0
Japan,85,1969,0,Yes,3.95,123,1.012109,3.22,0,No,0,0
Japan,85,1972,0,Yes,3.96,124,1.012109,3.2550001,0,No,0,0
Japan,85,1976,0,Yes,3.9300001,130,1.012109,3.8499999,0,No,0,0
Japan,85,1979,0,Yes,3.9300001,130,1.012109,3.6300001,0,No,0,0
Japan,85,1980,0,Yes,3.9300001,130,1.012109,3.385,0,No,0,0
Japan,85,1983,0,Yes,3.9300001,130,1.012109,3.49,0,No,0,0
Japan,85,1986,0,Yes,3.9400001,130,1.012109,3.2950001,0,No,0,0
Japan,85,1990,0,Yes,3.9400001,130,1.012109,3.335,0,No,0,0
Japan,85,1993,0,Yes,3.96,129,1.012109,4.9949999,0,No,0,0
Japan,85,1996,0,Yes,1,300,1.012109,3.915,0,No,0,40
Japan,85,2000,0,Yes,1,300,1.012109,3.8,0,No,0,37.5
"Korea, South (Rep.)",87,2000,0,Yes,1,227,1.004012,3.405,2.8599999,No,0.2,16.799999
Laos PDR,88,1955,0,Yes,,,1.927153,,0,Yes,0,
Latvia,166,1993,0,No,20,5,2.409929,6.21,0,Yes,0,0
Latvia,166,1995,0,No,20,5,2.409929,9.6099997,0,No,0,0
Latvia,166,1998,0,No,20,5,2.409929,6.9400001,0,No,0,0
Liechtenstein,196,1993,0,No,12.5,2,,2.3299999,0,Yes,0,0
Liechtenstein,196,1997,0,No,12.5,2,,2.3299999,0,No,0,0
Lithuania,168,1992,0,No,1,71,1.509751,4.6100001,0,Yes,0,49.599998
Lithuania,168,1996,0,No,1,71,1.509751,7.75,1.97,No,0.5,49.599998
Lithuania,168,2000,0,No,1,71,1.509751,7.98,3.28,No,0,49.599998
Luxembourg,115,1954,0,Yes,13,4,,3,0,Yes,0,0
Luxembourg,115,1959,0,Yes,13,4,,3.26,0,No,0,0
Luxembourg,115,1964,0,Yes,14,4,,3.5,0,No,0,0
Luxembourg,115,1968,0,Yes,14,4,,3.49,0,No,0,0
Luxembourg,115,1974,0,Yes,14.8,4,,4.2600002,0,No,0,0
Luxembourg,115,1979,0,Yes,14.8,4,,4.1599998,0,No,0,0
Luxembourg,115,1984,0,Yes,16,4,,3.5599999,0,No,0,0
Luxembourg,115,1989,0,Yes,15,4,,4.6550002,0,No,0,0
Luxembourg,115,1994,0,Yes,15,4,,4.71,0,No,0,0
Luxembourg,115,1999,0,Yes,15,4,,4.6199999,0,No,0,0
Macedonia,169,1994,0,No,1,120,2.150075,3.2550001,1.51,Yes,1,0
Macedonia,169,1998,0,No,1,85,2.150075,5.0500002,1.51,No,0.60000002,29.17
Madagascar,25,1993,0,No,2.3399999,57,7.2192798,,3.25,Yes,0.5,0
Madagascar,25,1998,0,No,1.24,121,7.2192798,,4.4299998,No,0.2,0
Malawi,26,1994,0,No,1,177,5.8445349,2.74,2.7,Yes,1,0
Malawi,26,1999,0,No,1,192,5.8445349,2.8399999,2.0899999,No,1,0
Mali,27,1992,0,No,2.1099999,55,4.0708489,3.5999999,3.8800001,Yes,1,0
Malta,116,1966,0,Yes,5,10,,2.3900001,0,Yes,0,0
Malta,116,1971,0,Yes,5.5,10,,2.04,0,No,0,0
Malta,116,1976,0,Yes,5,13,,2,0,No,0,0
Malta,116,1981,0,Yes,5,13,,2,0,No,0,0
Malta,116,1992,0,Yes,5,13,,2.0599999,0,No,0,0
Malta,116,1998,0,Yes,5,13,,2.04,0,No,0,0
Mexico,61,2000,0,No,1,300,2.182353,3,2.8299999,No,1,40
Moldova,171,1998,0,No,104,1,2.0420711,5.7800002,3.9200001,Yes,0.2,0
Mongolia,90,1992,0,No,2.9200001,26,1.373202,2.72,0,Yes,0,0
Mongolia,90,1996,0,No,1,76,1.373202,2.5799999,1.92,No,0.5,0
Mongolia,90,2000,0,No,1,76,1.373202,3.2449999,2.05,No,0.5,0
Myanmar,91,1951,0,Yes,1,250,2.0899031,,0,Yes,0,0
Myanmar,91,1956,0,Yes,1,250,2.0899031,3.0899999,0,No,0,0
Myanmar,91,1960,0,Yes,2.75,91,2.0899031,,0,Yes,0,0
Namibia,172,1994,0,No,72,1,3.6285529,1.6900001,1.5700001,Yes,1,0
Namibia,172,1999,0,No,72,1,3.6285529,1.67,1.64,No,1,0
Nepal,92,1991,0,No,1,205,3.092891,3.9200001,0,Yes,0,0
Nepal,92,1994,0,No,1,205,3.092891,3.8900001,0,No,0,0
Nepal,92,1999,0,No,1,205,3.092891,3.905,0,No,0,0
Netherlands,117,1946,0,Yes,100,1,1.083189,4.6799998,0,No,0,0
Netherlands,117,1948,0,Yes,100,1,1.083189,4.9850001,0,No,0,0
Netherlands,117,1952,0,Yes,100,1,1.083189,5,0,No,0,0
Netherlands,117,1956,0,Yes,150,1,1.083189,4.2600002,0,No,0,0
Netherlands,117,1959,0,Yes,150,1,1.083189,4.46,0,No,0,0
Netherlands,117,1963,0,Yes,150,1,1.083189,4.8000002,0,No,0,0
Netherlands,117,1967,0,Yes,150,1,1.083189,6.21,0,No,0,0
Netherlands,117,1971,0,Yes,150,1,1.083189,7.1100001,0,No,0,0
Netherlands,117,1972,0,Yes,150,1,1.083189,6.8499999,0,No,0,0
Netherlands,117,1977,0,Yes,150,1,1.083189,3.96,0,No,0,0
Netherlands,117,1981,0,Yes,150,1,1.083189,4.5599999,0,No,0,0
Netherlands,117,1982,0,Yes,150,1,1.083189,4.2399998,0,No,0,0
Netherlands,117,1986,0,Yes,150,1,1.083189,3.77,0,No,0,0
Netherlands,117,1989,0,Yes,150,1,1.083189,3.9000001,0,No,0,0
Netherlands,117,1994,0,Yes,150,1,1.083189,5.71,0,No,0,0
Netherlands,117,1998,0,Yes,150,1,1.083189,5.1399999,0,No,0,0
New Zealand,131,1946,0,Yes,1,80,1.571008,2.01,0,No,0,0
New Zealand,131,1949,0,Yes,1,80,1.571008,2.03,0,No,0,0
New Zealand,131,1951,0,Yes,1,80,1.571008,1.99,0,No,0,0
New Zealand,131,1954,0,Yes,1,80,1.571008,2.48,0,No,0,0
New Zealand,131,1957,0,Yes,1,80,1.571008,2.3,0,No,0,0
New Zealand,131,1960,0,Yes,1,80,1.571008,2.3699999,0,No,0,0
New Zealand,131,1963,0,Yes,1,80,1.571008,2.3900001,0,No,0,0
New Zealand,131,1966,0,Yes,1,80,1.571008,2.6099999,0,No,0,0
New Zealand,131,1969,0,Yes,1,84,1.571008,2.45,0,No,0,0
New Zealand,131,1972,0,Yes,1,87,1.571008,2.4300001,0,No,0,0
New Zealand,131,1975,0,Yes,1,87,1.571008,2.55,0,No,0,0
New Zealand,131,1978,0,Yes,1,92,1.571008,2.8699999,0,No,0,0
New Zealand,131,1981,0,Yes,1,92,1.571008,2.8900001,0,No,0,0
New Zealand,131,1984,0,Yes,1,95,1.571008,2.99,0,No,0,0
New Zealand,131,1987,0,Yes,1,97,1.571008,2.3399999,0,No,0,0
New Zealand,131,1990,0,Yes,1,97,1.571008,2.78,0,No,0,0
New Zealand,131,1993,0,Yes,1,99,1.571008,3.5250001,0,No,0,0
New Zealand,131,1996,0,Yes,1,65,1.571008,4.3899999,0,No,0,45.799999
New Zealand,131,1999,0,Yes,1,65,1.571008,3.8599999,0,No,0,45.799999
Nicaragua,62,1990,0,No,10,9,1.671682,2.1900001,2.1400001,Yes,1,0
Nicaragua,62,1996,0,No,4.1199999,17,1.671682,2.9349999,2.47,No,1,21.51
Niger,32,1993,0,No,9.3800001,8,2.7540619,4.625,4.1900001,Yes,1,9.6400003
Niger,32,1995,0,No,9.3800001,8,2.7540619,,4.1900001,No,0.33000001,9.6400003
Nigeria,33,1964,0,Yes,1,469,5.122952,3.9200001,0,Yes,0,0
Nigeria,33,1983,1,Yes,1,450,5.122952,,2.9000001,No,1,0
Nigeria,33,1999,0,No,1,360,5.122952,2.3199999,1.88,Yes,1,0
Norway,118,1949,0,Yes,5.1700001,29,1.1080329,3.76,0,No,0,0
Norway,118,1953,0,Yes,7.5,20,1.1080329,3.53,0,No,0,0
Norway,118,1957,0,Yes,7.5,20,1.1080329,3.4400001,0,No,0,0
Norway,118,1961,0,Yes,7.5,20,1.1080329,3.5899999,0,No,0,0
Norway,118,1965,0,Yes,7.5,20,1.1080329,3.9000001,0,No,0,0
Norway,118,1969,0,Yes,7.5,20,1.1080329,3.6099999,0,No,0,0
Norway,118,1973,0,Yes,8.1599998,19,1.1080329,4.6300001,0,No,0,0
Norway,118,1977,0,Yes,8.1599998,19,1.1080329,3.8499999,0,No,0,0
Norway,118,1981,0,Yes,8.1599998,19,1.1080329,3.9200001,0,No,0,0
Norway,118,1985,0,Yes,8.2600002,19,1.1080329,3.6300001,0,No,0,0
Norway,118,1989,0,Yes,8.2600002,19,1.1080329,4.8400002,0,No,0,4.8000002
Norway,118,1993,0,Yes,8.2600002,19,1.1080329,4.7399998,0,No,0,4.8000002
Norway,118,1997,0,Yes,8.2600002,19,1.1080329,5.0700002,0,No,0,4.8000002
Pakistan,93,1977,1,Yes,1,200,2.1372089,2.0450001,0,Yes,0,0
Pakistan,93,1990,0,Yes,1,207,2.1372089,3.5650001,0,No,0,0
Pakistan,93,1993,0,Yes,1,207,2.1372089,3.26,0,No,0,0
Panama,63,1952,0,Yes,5.3000002,10,2.027164,,1.91,Yes,1,0
Panama,63,1956,0,Yes,5.3000002,10,2.027164,,1.78,No,1,0
Panama,63,1960,0,Yes,5.3000002,10,2.027164,4.71,2.8499999,No,1,0
Panama,63,1964,0,Yes,4.1999998,10,2.027164,,3,No,1,0
Panama,63,1968,1,Yes,,10,2.027164,,2.0999999,No,1,0
Panama,63,1989,0,Yes,1.6799999,40,2.027164,,1.7,Yes,1,0
Panama,63,1994,0,Yes,1.78,40,2.027164,8.6400003,5.5599999,No,1,0
Panama,63,1999,0,Yes,1.78,40,2.027164,5.6799998,4.7399998,No,1,0
Peru,74,1956,0,Yes,7.5799999,24,2.761668,,2.6800001,Yes,1,0
Peru,74,1962,1,Yes,7.5799999,24,2.761668,3.3900001,3.4000001,No,1,0
Peru,74,1963,0,Yes,5.79,24,2.761668,2.98,2.98,Yes,1,0
Peru,74,1980,0,Yes,7.5,24,2.761668,4.1799998,3.45,Yes,1,0
Peru,74,1985,0,Yes,6.9200001,25,2.761668,3.02,2.76,No,1,0
Peru,74,1990,1,Yes,6.9200001,26,2.761668,5.0349998,3.99,No,1,0
Philippines,94,1946,0,Yes,1,98,1.191546,3.335,2,No,1,0
Philippines,94,1949,0,Yes,1,100,1.191546,2.4449999,2.4300001,No,0.60000002,0
Philippines,94,1953,0,Yes,1,102,1.191546,2.5650001,1.75,No,1,0
Philippines,94,1957,0,Yes,1,102,1.191546,2.1400001,3.3599999,No,1,0
Philippines,94,1961,0,Yes,1,104,1.191546,2.0550001,1.98,No,1,0
Philippines,94,1965,1,Yes,1,104,1.191546,2.28,2.1900001,No,1,0
Philippines,94,1987,0,Yes,1,200,1.191546,,2,Yes,0.67000002,0
Philippines,94,1992,0,Yes,1,200,1.191546,4.9099998,5.8400002,No,1,0
Philippines,94,1995,0,Yes,1,204,1.191546,4.8049998,5.8400002,No,0,0
Philippines,94,1998,0,Yes,1,208,1.191546,3.1199999,4.3499999,No,1,20
Poland,119,1991,0,No,10.57,37,1.0495991,13.86,3.8499999,Yes,0.60000002,15
Poland,119,1993,0,No,7.52,52,1.0495991,9.8000002,3.8499999,No,0.2,15
Poland,119,1997,0,No,7.52,52,1.0495991,4.5900002,3.99,No,0.2,15
Portugal,120,1976,0,Yes,12.95,20,1.0412329,4,2.3099999,Yes,1,0
Portugal,120,1979,0,Yes,12.3,20,1.0412329,3.01,2.3099999,No,0.5,0
Portugal,120,1980,0,Yes,12.3,20,1.0412329,2.8900001,2.0799999,No,1,0
Portugal,120,1983,0,Yes,12.3,20,1.0412329,3.74,2.0799999,No,0,0
Portugal,120,1985,0,Yes,12.3,20,1.0412329,4.77,2.0799999,No,0.67000002,0
Portugal,120,1987,0,Yes,12.3,20,1.0412329,2.98,3.05,No,0.60000002,0
Portugal,120,1991,0,Yes,11.3,20,1.0412329,2.8599999,1.87,No,1,0
Portugal,120,1995,0,Yes,11.3,20,1.0412329,3.0899999,1.87,No,0.60000002,0
Portugal,120,1999,0,Yes,11.3,20,1.0412329,3.1900001,1.99,No,0.5,0
Romania,121,1990,0,No,9.4399996,41,1.428084,2.21,1.36,Yes,1,
Romania,121,1992,0,No,7.8099999,42,1.428084,6.96,2.96,No,0.33000001,
Romania,121,1996,0,No,7.8099999,42,1.428084,6.0799999,4.29,No,1,
Romania,121,2000,0,No,7.79,42,1.428084,5.23,4.1500001,No,1,
San Marino,199,1993,0,No,6,10,,3.6800001,0,Yes,0,0
San Marino,199,1998,0,No,6,10,,3.73,0,No,0,0
Sao Tome and Principe,175,1991,0,No,7.8600001,7,,2.5450001,1,Yes,1,0
Sao Tome and Principe,175,1994,0,No,7.8600001,7,,3.2,1,No,0.2,0
Sao Tome and Principe,175,1998,0,No,7.8600001,7,,2.74,2.9200001,No,0.2,0
Sierra Leone,37,1996,0,No,68,1,4.2372341,4.7350001,4.6399999,Yes,1,0
Slovak Republic,156,1994,0,No,37.5,4,1.495918,5.8099999,0,Yes,0,
Slovak Republic,156,1998,0,No,150,1,1.495918,5.2600002,0,No,0,0
Slovenia,176,1992,0,No,11,8,1.300598,8.3400002,2.1400001,Yes,1,0
Slovenia,176,1996,0,No,11,8,1.300598,6.3200002,2.1400001,No,0.60000002,0
Slovenia,176,2000,0,No,11,8,1.300598,5.1300001,2.78,No,0.2,0
Solomon Islands,133,1997,0,Yes,1,50,,,0,No,0,0
Somalia,38,1964,0,Yes,2.6199999,47,5.3106742,3.05,0,Yes,0,0
Somalia,38,1969,1,Yes,2.6199999,47,5.3106742,,0,No,0,0
South Africa,39,1994,0,No,22.219999,9,8.3039246,2.24,0,Yes,0,50
South Africa,39,1999,0,No,22.219999,9,8.3039246,2.1600001,0,No,0,50
Spain,122,1977,0,Yes,6.73,52,2.0086861,4.3099999,0,Yes,0,0
Spain,122,1979,0,Yes,6.73,52,2.0086861,4.2800002,0,No,0,0
Spain,122,1982,0,Yes,6.73,52,2.0086861,3.1900001,0,No,0,0
Spain,122,1986,0,Yes,6.73,52,2.0086861,3.5999999,0,No,0,0
Spain,122,1989,0,Yes,6.73,52,2.0086861,4.0799999,0,No,0,0
Spain,122,1993,0,Yes,6.73,52,2.0086861,3.53,0,No,0,0
Spain,122,1996,0,Yes,6.73,52,2.0086861,3.27,0,No,0,0
Spain,122,2000,0,Yes,6.73,52,2.0086861,3.1199999,0,No,0,0
Sri Lanka,96,1952,0,Yes,1,89,1.749692,4.1550002,0,Yes,0,0
Sri Lanka,96,1956,0,Yes,1,89,1.749692,4.0050001,0,No,0,0
Sri Lanka,96,1960,0,Yes,1,145,1.749692,3.74,0,No,0,0
Sri Lanka,96,1965,0,Yes,1,145,1.749692,3.885,0,No,0,0
Sri Lanka,96,1970,0,Yes,1,145,1.749692,3.425,0,No,0,0
Sri Lanka,96,1977,1,Yes,1,168,1.749692,2.8299999,0,No,0,0
Sri Lanka,96,1989,0,Yes,8.9099998,22,1.749692,2.76,2.1800001,Yes,0.67000002,12.89
Sri Lanka,96,1994,0,Yes,8.9099998,22,1.749692,2.3099999,1.9299999,No,1,12.89
Sri Lanka,96,2000,0,Yes,8.9099998,22,1.749692,2.7049999,2.25,No,0.67000002,12.89
Sri Lanka,96,,0,Yes,1,145,1.749692,6.2550001,0,No,0,0
St. Kitts and Nevis,179,1984,0,Yes,1,11,,2.45,0,Yes,0,0
St. Kitts and Nevis,179,1989,0,Yes,1,11,,2.77,0,No,0,0
St. Kitts and Nevis,179,1993,0,Yes,1,11,,3.0799999,0,No,0,0
St. Kitts and Nevis,179,1995,0,Yes,1,11,,2.6500001,0,No,0,0
St. Kitts and Nevis,179,2000,0,Yes,1,11,,2.55,0,No,0,0
St. Lucia,174,1979,0,Yes,1,17,,1.97,0,Yes,0,0
St. Lucia,174,1982,0,Yes,1,17,,2.4000001,0,No,0,0
St. Lucia,174,1987,0,Yes,1,17,,2.21,0,No,0,0
St. Lucia,174,1992,0,Yes,1,17,,1.97,0,No,0,0
St. Lucia,174,1997,0,Yes,1,17,,1.95,0,No,0,0
St. Lucia,174,,0,Yes,1,17,,2.3199999,0,No,0,0
St. Vincent,180,1979,0,Yes,1,13,,2.5699999,0,Yes,0,0
St. Vincent,180,1984,0,Yes,1,13,,2.28,0,No,0,0
St. Vincent,180,1989,0,Yes,1,15,,1.88,0,No,0,0
St. Vincent,180,1994,0,Yes,1,15,,2.48,0,No,0,0
St. Vincent,180,1998,0,Yes,1,15,,1.99,0,No,0,0
Sudan,40,1958,1,Yes,1,173,3.424365,,0,Yes,0,0
Sudan,40,1986,0,Yes,1,264,3.424365,,0,Yes,0,0
Suriname,75,1977,0,Yes,2.7,10,,2.46,0,Yes,0,44.439999
Suriname,75,1991,0,Yes,5.0999999,10,,2.6900001,0,Yes,0,0
Suriname,75,1996,0,Yes,5.0999999,10,,3.6199999,0,No,0,0
Suriname,75,2000,0,Yes,5.0999999,10,,3.77,0,No,0,0
Sweden,123,1948,0,Yes,8.21,28,1.233762,3.3499999,0,No,0,0
Sweden,123,1952,0,Yes,8.21,28,1.233762,3.28,0,No,0,0
Sweden,123,1956,0,Yes,8.25,28,1.233762,3.3699999,0,No,0,0
Sweden,123,1958,0,Yes,8.25,28,1.233762,3.3099999,0,No,0,0
Sweden,123,1960,0,Yes,8.29,28,1.233762,3.26,0,No,0,0
Sweden,123,1964,0,Yes,8.3199997,28,1.233762,3.4200001,0,No,0,0
Sweden,123,1968,0,Yes,8.3199997,28,1.233762,3.1800001,0,No,0,0
Sweden,123,1970,0,Yes,11.07,28,1.233762,3.49,0,No,0,11.4
Sweden,123,1973,0,Yes,11.07,28,1.233762,3.54,0,No,0,11.4
Sweden,123,1976,0,Yes,11.07,28,1.233762,3.5799999,0,No,0,11.2
Sweden,123,1979,0,Yes,11.07,28,1.233762,3.6300001,0,No,0,11.2
Sweden,123,1982,0,Yes,11.07,28,1.233762,3.3900001,0,No,0,11.2
Sweden,123,1985,0,Yes,11.07,28,1.233762,3.3399999,0,No,0,11.2
Sweden,123,1988,0,Yes,11.07,28,1.233762,3.9100001,0,No,0,11.2
Sweden,123,1991,0,Yes,11.07,28,1.233762,4.5799999,0,No,0,11.2
Sweden,123,1994,0,Yes,10.69,29,1.233762,3.6500001,0,No,0,11.2
Sweden,123,1998,0,Yes,10.69,29,1.233762,4.54,0,No,0,11.2
Switzerland,124,1947,0,Yes,7.7600002,25,2.3538549,5.3400002,0,No,0,0
Switzerland,124,1951,0,Yes,7.8400002,25,2.3538549,5.0900002,0,No,0,0
Switzerland,124,1957,0,Yes,7.8400002,25,2.3538549,4.96,0,No,0,0
Switzerland,124,1959,0,Yes,7.8400002,25,2.3538549,5.04,0,No,0,0
Switzerland,124,1963,0,Yes,8,25,2.3538549,5.0050001,0,No,0,0
Switzerland,124,1967,0,Yes,8,25,2.3538549,5.5500002,0,No,0,0
Switzerland,124,1971,0,Yes,8,25,2.3538549,6.1700001,0,No,0,0
Switzerland,124,1975,0,Yes,8,25,2.3538549,5.7950001,0,No,0,0
Switzerland,124,1979,0,Yes,7.6999998,26,2.3538549,5.52,0,No,0,0
Switzerland,124,1983,0,Yes,7.6999998,26,2.3538549,6.0300002,0,No,0,0
Switzerland,124,1987,0,Yes,7.6999998,26,2.3538549,6.8299999,0,No,0,0
Switzerland,124,1991,0,Yes,7.6999998,26,2.3538549,7.3699999,0,No,0,0
Switzerland,124,1995,0,Yes,7.6999998,26,2.3538549,6.8600001,0,No,0,0
Switzerland,124,1999,0,Yes,7.6999998,26,2.3538549,5.8800001,0,No,0,0
Taiwan,98,1998,0,No,6.7199998,25,1.37817,3.2249999,2.71,Yes,0,18.219999
Thailand,99,1975,0,Yes,,,1.758628,10.35,0,Yes,0,0
Thailand,99,1976,1,Yes,,,1.758628,6.9499998,0,No,0,0
Thailand,99,1983,0,Yes,2.4000001,134,1.758628,5.9050002,0,Yes,0,0
Thailand,99,1986,0,Yes,2.51,138,1.758628,7.9699998,0,No,0,0
Thailand,99,1988,0,Yes,2.51,142,1.758628,9.75,0,No,0,0
Thailand,99,1992,0,Yes,2.54,142,1.758628,6.5999999,0,No,0,0
Thailand,99,1995,0,Yes,2.52,155,1.758628,6.8099999,0,No,0,0
Thailand,99,1996,0,Yes,2.52,156,1.758628,4.6100001,0,No,0,0
Thailand,99,,0,Yes,2.54,142,1.758628,6.6999998,0,Yes,0,0
Trinidad and Tobago,64,1966,0,Yes,1,36,2.832211,2.51,0,Yes,0,0
Trinidad and Tobago,64,1971,0,Yes,1,36,2.832211,1.38,0,No,0,0
Trinidad and Tobago,64,1976,0,Yes,1,36,2.832211,2.6500001,0,No,0,0
Trinidad and Tobago,64,1981,0,Yes,1,36,2.832211,2.8199999,0,No,0,0
Trinidad and Tobago,64,1986,0,Yes,1,36,2.832211,1.84,0,No,0,0
Trinidad and Tobago,64,1991,0,Yes,1,36,2.832211,2.8800001,0,No,0,0
Trinidad and Tobago,64,1995,0,Yes,1,36,2.832211,2.22,0,No,0,0
Trinidad and Tobago,64,2000,0,Yes,1,36,2.832211,2.1500001,0,No,0,0
Turkey,125,1961,0,Yes,6.7199998,67,1.425525,3.4000001,0,Yes,0,0
Turkey,125,1965,0,Yes,6.7199998,67,1.425525,2.71,0,No,0,
Turkey,125,1969,0,Yes,6.7199998,67,1.425525,3.3299999,0,No,0,0
Turkey,125,1973,0,Yes,6.7199998,67,1.425525,4.3099999,0,No,0,0
Turkey,125,1977,0,Yes,6.7199998,67,1.425525,3.1300001,0,No,0,0
Turkey,125,1983,0,Yes,5.4200001,83,1.425525,2.8499999,0,Yes,0,0
Turkey,125,1987,0,Yes,4.3299999,104,1.425525,4.1199999,0,No,0,0
Turkey,125,1991,0,Yes,4.21,107,1.425525,4.6799998,0,No,0,0
Turkey,125,1995,0,Yes,6.6300001,83,1.425525,6.1399999,0,No,0,0
Turkey,125,1999,0,Yes,6.5500002,84,1.425525,6.7800002,0,No,0,0
Uganda,45,1980,0,Yes,1,126,14.22434,2.24,0,Yes,0,0
United Kingdom,126,1950,0,Yes,1,625,1.4803571,2.4400001,0,No,0,0
United Kingdom,126,1951,0,Yes,1,625,1.4803571,2.1300001,0,No,0,0
United Kingdom,126,1955,0,Yes,1,630,1.4803571,2.1600001,0,No,0,0
United Kingdom,126,1959,0,Yes,1,630,1.4803571,2.28,0,No,0,0
United Kingdom,126,1964,0,Yes,1,630,1.4803571,2.52,0,No,0,0
United Kingdom,126,1966,0,Yes,1,630,1.4803571,2.4200001,0,No,0,0
United Kingdom,126,1970,0,Yes,1,630,1.4803571,2.46,0,No,0,0
United Kingdom,126,1974,0,Yes,1,635,1.4803571,3.1500001,0,No,0,0
United Kingdom,126,1979,0,Yes,1,635,1.4803571,2.8699999,0,No,0,0
United Kingdom,126,1983,0,Yes,1,650,1.4803571,2.8299999,0,No,0,0
United Kingdom,126,1987,0,Yes,1,650,1.4803571,2.8499999,0,No,0,0
United Kingdom,126,1992,0,Yes,1,651,1.4803571,3.03,0,No,0,0
United Kingdom,126,1997,0,Yes,1,659,1.4803571,3.23,0,No,0,0
United Kingdom,126,,0,Yes,1,635,1.4803571,3.1300001,0,No,0,0
United States,65,1946,0,Yes,1,432,1.964471,2.05,2.02,No,0,0
United States,65,1948,0,Yes,1,433,1.964471,2.0699999,2.22,No,1,0
United States,65,1950,0,Yes,1,434,1.964471,2.0599999,2.22,No,0,0
United States,65,1952,0,Yes,1,433,1.964471,2.04,1.997,No,1,0
United States,65,1954,0,Yes,1,432,1.964471,2.01,1.997,No,0,0
United States,65,1956,0,Yes,1,435,1.964471,2.01,1.98,No,1,0
United States,65,1958,0,Yes,1,433,1.964471,1.98,1.98,No,0,0
United States,65,1960,0,Yes,1,436,1.964471,2.01,2.03,No,1,0
United States,65,1962,0,Yes,1,437,1.964471,2.01,2.03,No,0,0
United States,65,1964,0,Yes,1,435,1.964471,1.97,1.92,No,1,0
United States,65,1966,0,Yes,1,435,1.964471,2.03,1.92,No,0,0
United States,65,1968,0,Yes,1,434,1.964471,2.05,2.5699999,No,1,0
United States,65,1970,0,Yes,1,435,1.964471,2.0350001,2.5699999,No,0,0
United States,65,1972,0,Yes,1,434,1.964471,2.04,1.96,No,1,0
United States,65,1974,0,Yes,1,431,1.964471,2,1.96,No,0,0
United States,65,1976,0,Yes,1,435,1.964471,2.02,2.0799999,No,1,0
United States,65,1978,0,Yes,1,435,1.964471,2.03,2.0799999,No,0,0
United States,65,1980,0,Yes,1,433,1.964471,2.0599999,2.3299999,No,1,0
United States,65,1982,0,Yes,1,435,1.964471,2.02,2.3299999,No,0,0
United States,65,1984,0,Yes,1,434,1.964471,2.03,1.96,No,1,0
United States,65,1986,0,Yes,1,435,1.964471,2.01,1.96,No,0,0
United States,65,1988,0,Yes,1,435,1.964471,2.03,1.99,No,1,0
United States,65,1990,0,Yes,1,435,1.964471,2.0699999,1.99,No,0,0
United States,65,1992,0,Yes,1,434,1.964471,2.145,2.74,No,1,0
United States,65,1994,0,Yes,1,434,1.964471,2.0799999,2.74,No,0,0
United States,65,1996,0,Yes,1,434,1.964471,2.1099999,2.4100001,No,1,0
United States,65,1998,0,Yes,1,434,1.964471,2.155,2.4100001,No,0,0
United States,65,2000,0,Yes,1,435,1.964471,2.1800001,2.1500001,No,1,0
Vanuatu,134,1983,0,Yes,2.79,14,,2.5650001,0,Yes,0,0
Vanuatu,134,1987,0,Yes,3.0699999,15,,2.5999999,0,No,0,0
Vanuatu,134,1991,0,Yes,3.0699999,15,,4.6799998,0,No,0,0
Vanuatu,134,1995,0,Yes,3.3299999,15,,4.335,0,No,0,0
Venezuela,77,1947,0,Yes,4.7800002,23,1.9352649,1.87,1.66,No,1,0
Venezuela,77,1963,0,Yes,7.2600002,23,1.9352649,4.77,4.5599999,Yes,1,6.6999998
Venezuela,77,1968,0,Yes,8.5200005,23,1.9352649,6.0450001,3.98,No,1,8.4099998
Venezuela,77,1973,0,Yes,7.96,23,1.9352649,3.3599999,2.6500001,No,1,8.5
Venezuela,77,1978,0,Yes,7.96,23,1.9352649,3.1099999,2.45,No,1,8.04
Venezuela,77,1983,0,Yes,7.9099998,23,1.9352649,2.97,2.25,No,1,9
Venezuela,77,1988,0,Yes,7.9099998,23,1.9352649,3.3800001,2.25,No,1,9.4499998
Venezuela,77,1993,0,Yes,1,102,1.9352649,5.6350002,4.0300002,No,1,49.75
Venezuela,77,1998,0,Yes,1.22,72,1.9352649,7.3600001,2.0999999,No,1,57.490002
Venezuela,77,2000,0,Yes,6.8800001,24,1.9352649,4.2399998,3.3800001,No,1,0
West Germany,108,1949,0,Yes,1,242,,5.7049999,0,Yes,0,40
West Germany,108,1953,0,Yes,1,242,,4.1999998,0,No,0,50
West Germany,108,1957,0,Yes,1,247,,3.5799999,0,No,0,50
West Germany,108,1961,0,Yes,1,247,,3.5,0,No,0,50
West Germany,108,1965,0,Yes,1,248,,3.1500001,0,No,0,50
West Germany,108,1969,0,Yes,1,248,,3.02,0,No,0,50
West Germany,108,1972,0,Yes,1,248,,2.8599999,0,No,0,50
West Germany,108,1976,0,Yes,1,248,,2.9100001,0,No,0,50
West Germany,108,1980,0,Yes,1,248,,3.0999999,0,No,0,50
West Germany,108,1983,0,Yes,1,248,,3.21,0,No,0,50
West Germany,108,1987,0,Yes,1,248,,3.5599999,0,No,0,50
Zambia,47,1991,0,No,1,150,3.6469741,1.63,1.58,Yes,1,0
Zambia,47,1996,0,No,1,150,3.6469741,2.5,1.8099999,No,1,0